# unix_time, cycles_done, cur_path, paths_total, pending_total, pending_favs, map_size, unique_crashes, unique_hangs, max_depth, execs_per_sec
1669679764, 0, 0, 1, 1, 1, 0.06%, 0, 0, 1, 800.00
1669679769, 0, 0, 72, 72, 1, 0.43%, 1, 0, 2, 2996.38
1669679774, 0, 2, 94, 93, 37, 0.46%, 1, 0, 3, 3505.74
1669679779, 0, 18, 108, 101, 36, 0.49%, 2, 0, 3, 3496.77
1669679784, 0, 18, 113, 106, 36, 0.49%, 3, 0, 3, 3500.05
1669679789, 0, 27, 125, 112, 39, 0.51%, 3, 0, 3, 3623.23
1669679794, 0, 46, 130, 108, 32, 0.52%, 3, 0, 3, 3660.91
1669679799, 0, 65, 134, 105, 27, 0.52%, 4, 0, 3, 3662.08
1669679804, 0, 65, 144, 115, 27, 0.53%, 6, 0, 3, 3665.27
1669679809, 0, 93, 149, 113, 23, 0.54%, 6, 0, 4, 3674.23
1669679814, 0, 93, 156, 120, 23, 0.54%, 6, 0, 4, 3669.25
1669679820, 0, 103, 160, 120, 22, 0.56%, 6, 0, 4, 3676.85
1669679825, 0, 118, 166, 123, 20, 0.56%, 6, 0, 4, 3662.83
1669679830, 0, 120, 174, 130, 19, 0.56%, 6, 0, 4, 3666.31
1669679840, 0, 132, 181, 132, 16, 0.56%, 6, 0, 4, 3662.72
1669679845, 0, 132, 184, 135, 16, 0.56%, 6, 0, 4, 3652.83
1669679850, 0, 142, 199, 147, 13, 0.58%, 6, 0, 4, 3654.44
1669679855, 0, 146, 201, 148, 20, 0.58%, 7, 0, 4, 3671.34
1669679861, 0, 176, 202, 142, 13, 0.58%, 7, 0, 5, 3685.01
1669679866, 0, 176, 210, 150, 13, 0.66%, 7, 0, 5, 3679.04
1669679871, 0, 185, 211, 149, 15, 0.66%, 7, 0, 5, 3680.97
1669679876, 0, 185, 215, 153, 15, 0.66%, 8, 0, 5, 3687.75
1669679881, 0, 186, 218, 155, 15, 0.66%, 8, 0, 5, 3682.16
1669679886, 0, 187, 219, 155, 14, 0.66%, 9, 0, 5, 3689.88
1669679891, 0, 187, 222, 158, 14, 0.66%, 11, 0, 5, 3679.52
1669679896, 0, 188, 225, 160, 13, 0.66%, 11, 0, 5, 3686.72
1669679901, 0, 189, 226, 160, 13, 0.66%, 11, 0, 5, 3687.09
1669679907, 0, 189, 229, 163, 13, 0.66%, 11, 0, 5, 3677.50
1669679912, 0, 191, 233, 165, 11, 0.68%, 12, 0, 5, 3677.38
1669679917, 0, 208, 236, 165, 12, 0.68%, 12, 0, 6, 3679.75
1669679922, 0, 231, 238, 162, 8, 0.69%, 13, 0, 6, 3682.97
1669679927, 0, 233, 244, 166, 7, 0.69%, 13, 0, 7, 3661.31
1669679932, 0, 234, 244, 165, 8, 0.69%, 13, 0, 7, 3673.73
1669679937, 0, 237, 253, 172, 8, 0.73%, 14, 0, 7, 3676.29
1669679942, 0, 237, 255, 174, 8, 0.73%, 14, 0, 7, 3682.71
1669679947, 0, 239, 260, 178, 11, 0.75%, 14, 0, 8, 3677.01
1669679953, 0, 239, 266, 184, 11, 0.76%, 14, 0, 8, 3660.56
1669679958, 0, 251, 268, 181, 13, 0.76%, 14, 0, 8, 3675.41
1669679963, 0, 253, 279, 191, 12, 0.77%, 14, 0, 8, 3666.45
1669679968, 0, 257, 281, 191, 12, 0.80%, 14, 0, 8, 3677.90
1669679973, 0, 259, 284, 193, 11, 0.80%, 14, 0, 9, 3663.33
1669679978, 0, 260, 289, 197, 11, 0.81%, 14, 0, 9, 3661.24
1669679983, 0, 260, 292, 200, 11, 0.81%, 14, 0, 9, 3660.36
1669679988, 0, 268, 292, 196, 8, 0.81%, 14, 0, 9, 3664.16
1669679993, 0, 268, 297, 201, 8, 0.81%, 14, 0, 9, 3664.51
1669679998, 0, 272, 301, 204, 7, 0.81%, 14, 0, 9, 3665.58
1669680003, 0, 280, 310, 211, 5, 0.84%, 14, 0, 9, 3659.60
1669680008, 0, 280, 315, 216, 5, 0.85%, 14, 0, 9, 3670.47
1669680014, 0, 285, 318, 218, 15, 0.85%, 14, 0, 10, 3655.29
1669680019, 0, 287, 326, 225, 19, 0.87%, 15, 0, 10, 3650.38
1669680024, 0, 289, 331, 229, 18, 0.87%, 16, 0, 10, 3651.79
1669680029, 0, 301, 331, 228, 18, 0.87%, 16, 0, 10, 3667.56
1669680034, 0, 305, 331, 225, 15, 0.87%, 16, 0, 10, 3675.09
1669680039, 0, 308, 331, 222, 12, 0.87%, 16, 0, 10, 3665.46
1669680044, 0, 312, 332, 220, 9, 0.87%, 16, 0, 10, 3684.98
1669680049, 0, 315, 333, 220, 8, 0.87%, 16, 0, 11, 3652.70
1669680054, 0, 321, 339, 225, 7, 0.88%, 16, 0, 11, 3635.22
1669680059, 0, 324, 341, 226, 7, 0.88%, 16, 0, 11, 3638.81
1669680064, 0, 330, 343, 227, 6, 0.88%, 16, 0, 11, 3653.52
1669680070, 0, 331, 348, 231, 6, 0.88%, 16, 0, 11, 3667.28
1669680075, 0, 337, 348, 229, 5, 0.88%, 16, 0, 11, 3625.19
1669680080, 0, 337, 353, 234, 5, 0.89%, 16, 0, 12, 3629.91
1669680085, 0, 340, 354, 234, 6, 0.89%, 16, 0, 12, 3628.16
1669680090, 0, 341, 365, 244, 5, 0.90%, 16, 0, 12, 3627.13
1669680095, 0, 347, 369, 247, 8, 0.90%, 16, 0, 12, 3649.38
1669680100, 0, 349, 371, 248, 7, 0.90%, 16, 0, 13, 3628.23
1669680105, 0, 351, 371, 247, 7, 0.90%, 16, 0, 13, 3611.56
1669680110, 0, 355, 376, 251, 6, 0.90%, 16, 0, 13, 3623.35
1669680115, 0, 359, 378, 252, 7, 0.90%, 16, 0, 13, 3621.47
1669680121, 0, 359, 380, 254, 7, 0.90%, 16, 0, 13, 3623.51
1669680126, 0, 362, 384, 257, 6, 0.90%, 16, 0, 13, 3615.14
1669680131, 0, 371, 384, 256, 5, 0.90%, 16, 0, 13, 3620.08
1669680136, 0, 372, 385, 256, 4, 0.90%, 16, 0, 14, 3575.87
1669680141, 0, 375, 400, 270, 6, 0.90%, 16, 0, 14, 3592.78
1669680146, 0, 376, 401, 270, 5, 0.90%, 16, 0, 14, 3601.18
1669680151, 0, 387, 401, 268, 3, 0.90%, 16, 0, 14, 3590.83
1669680156, 0, 387, 405, 272, 3, 0.90%, 16, 0, 15, 3585.65
1669680161, 0, 388, 407, 273, 2, 0.90%, 16, 0, 15, 3569.03
1669680166, 1, 46, 407, 267, 0, 0.90%, 16, 0, 15, 3607.99
1669680171, 1, 113, 408, 261, 0, 0.90%, 16, 0, 15, 3638.91
1669680176, 1, 125, 408, 257, 0, 0.90%, 16, 0, 15, 3669.08
1669680181, 1, 286, 410, 256, 1, 0.90%, 16, 0, 15, 3659.54
1669680187, 1, 353, 411, 256, 1, 0.90%, 16, 0, 15, 3612.01
1669680192, 2, 18, 413, 254, 0, 0.90%, 16, 0, 15, 3645.14
1669680197, 2, 87, 413, 250, 0, 0.90%, 16, 0, 15, 3629.02
1669680202, 2, 134, 414, 246, 0, 0.90%, 16, 0, 15, 3640.93
1669680207, 2, 294, 416, 245, 1, 0.91%, 16, 0, 15, 3649.29
1669680212, 2, 294, 421, 250, 1, 0.91%, 16, 0, 15, 3617.15
1669680217, 2, 421, 424, 250, 0, 0.91%, 16, 0, 15, 3639.24
1669680222, 3, 68, 424, 244, 0, 0.91%, 16, 0, 15, 3668.20
1669680227, 3, 99, 425, 240, 0, 0.91%, 16, 0, 15, 3678.76
1669680232, 3, 139, 425, 236, 0, 0.91%, 16, 0, 15, 3704.46
1669680237, 3, 155, 426, 233, 0, 0.91%, 16, 0, 15, 3711.61
1669680242, 3, 175, 426, 228, 0, 0.91%, 16, 0, 15, 3704.52
1669680247, 3, 187, 426, 224, 0, 0.91%, 16, 0, 15, 3664.69
1669680252, 3, 197, 426, 223, 0, 0.91%, 16, 0, 15, 3687.56
1669680257, 3, 222, 427, 220, 0, 0.91%, 16, 0, 15, 3692.71
1669680262, 3, 268, 428, 219, 0, 0.91%, 16, 0, 15, 3669.56
1669680267, 3, 274, 428, 217, 0, 0.91%, 16, 0, 15, 3665.55
1669680272, 3, 275, 429, 217, 0, 0.91%, 16, 0, 15, 3665.92
1669680277, 3, 299, 429, 214, 0, 0.91%, 16, 0, 15, 3669.42
1669680282, 3, 317, 429, 212, 0, 0.91%, 16, 0, 15, 3644.92
1669680287, 3, 320, 432, 214, 0, 0.91%, 16, 0, 15, 3631.64
1669680293, 3, 323, 433, 214, 0, 0.91%, 16, 0, 15, 3624.09
1669680298, 3, 327, 435, 215, 0, 0.91%, 16, 0, 15, 3583.62
1669680303, 3, 338, 437, 216, 0, 0.91%, 16, 0, 15, 3595.77
1669680308, 3, 348, 437, 215, 0, 0.91%, 16, 0, 15, 3607.60
1669680313, 3, 426, 440, 217, 1, 0.91%, 16, 0, 15, 3675.85
1669680318, 3, 437, 443, 219, 1, 0.91%, 16, 0, 15, 3642.14
1669680323, 3, 444, 445, 220, 1, 0.91%, 16, 0, 15, 3630.84
1669680328, 3, 444, 449, 224, 1, 0.91%, 16, 0, 15, 3626.49
1669680333, 4, 67, 449, 219, 0, 0.91%, 16, 0, 15, 3653.15
1669680338, 4, 110, 449, 214, 0, 0.91%, 16, 0, 15, 3636.23
1669680343, 4, 169, 449, 210, 0, 0.91%, 16, 0, 15, 3686.58
1669680349, 4, 189, 449, 206, 0, 0.91%, 16, 0, 15, 3660.57
1669680354, 4, 201, 450, 205, 0, 0.91%, 16, 0, 15, 3697.08
1669680359, 4, 224, 451, 204, 0, 0.91%, 16, 0, 15, 3704.60
1669680364, 4, 226, 451, 202, 0, 0.91%, 16, 0, 15, 3694.72
1669680369, 4, 229, 458, 208, 0, 0.91%, 16, 0, 15, 3653.61
1669680374, 4, 230, 461, 210, 0, 0.91%, 16, 0, 15, 3640.88
1669680379, 4, 252, 465, 213, 0, 0.91%, 16, 0, 15, 3652.62
1669680384, 4, 263, 465, 210, 0, 0.91%, 16, 0, 15, 3653.62
1669680389, 4, 270, 467, 211, 0, 0.91%, 16, 0, 15, 3637.87
1669680394, 4, 281, 467, 209, 0, 0.91%, 16, 0, 15, 3627.97
1669680400, 4, 304, 468, 208, 0, 0.91%, 16, 0, 15, 3628.13
1669680405, 4, 326, 469, 208, 0, 0.91%, 16, 0, 15, 3621.78
1669680410, 4, 332, 470, 207, 0, 0.91%, 16, 0, 15, 3626.67
1669680415, 4, 342, 471, 206, 0, 0.91%, 16, 0, 15, 3617.72
1669680420, 4, 345, 471, 204, 0, 0.91%, 16, 0, 15, 3581.33
1669680425, 4, 361, 471, 202, 0, 0.91%, 16, 0, 15, 3600.10
1669680430, 4, 366, 472, 202, 0, 0.91%, 16, 0, 15, 3592.54
1669680435, 4, 369, 476, 205, 0, 0.91%, 16, 0, 15, 3626.16
1669680440, 4, 370, 477, 205, 0, 0.91%, 16, 0, 15, 3636.72
1669680445, 4, 374, 477, 204, 0, 0.91%, 16, 0, 15, 3614.77
1669680450, 4, 390, 477, 203, 0, 0.91%, 16, 0, 15, 3541.70
1669680455, 4, 390, 479, 205, 0, 0.91%, 16, 0, 15, 3553.01
1669680460, 4, 390, 483, 209, 0, 0.91%, 16, 0, 15, 3565.12
1669680466, 4, 391, 483, 208, 0, 0.91%, 16, 0, 15, 3539.42
1669680471, 4, 391, 487, 212, 0, 0.91%, 16, 0, 15, 3568.12
1669680476, 4, 400, 488, 212, 0, 0.91%, 16, 0, 15, 3575.04
1669680481, 4, 406, 488, 211, 0, 0.91%, 16, 0, 15, 3519.88
1669680486, 4, 406, 489, 212, 0, 0.91%, 16, 0, 16, 3549.38
1669680491, 4, 419, 490, 211, 0, 0.91%, 16, 0, 16, 3621.71
1669680496, 4, 419, 492, 213, 0, 0.91%, 16, 0, 16, 3619.38
1669680501, 4, 422, 494, 214, 0, 0.91%, 16, 0, 16, 3653.34
1669680506, 4, 435, 496, 215, 0, 0.91%, 16, 0, 16, 3594.35
1669680511, 4, 439, 497, 215, 0, 0.91%, 16, 0, 16, 3669.13
1669680517, 4, 443, 498, 215, 0, 0.91%, 16, 0, 16, 3591.74
1669680522, 4, 443, 501, 218, 0, 0.91%, 16, 0, 16, 3587.09
1669680527, 4, 453, 501, 217, 1, 0.91%, 16, 0, 16, 3606.94
1669680537, 4, 461, 501, 216, 1, 0.91%, 16, 0, 16, 3522.88
1669680562, 4, 497, 501, 215, 1, 0.91%, 16, 0, 16, 3491.96
1669680573, 5, 30, 501, 210, 0, 0.91%, 16, 0, 16, 3611.88
1669680578, 5, 136, 501, 204, 0, 0.91%, 16, 0, 16, 3632.88
1669680583, 5, 170, 502, 202, 0, 0.91%, 16, 0, 16, 3681.13
1669680588, 5, 206, 503, 200, 0, 0.91%, 16, 0, 16, 3672.26
1669680593, 5, 220, 505, 200, 0, 0.91%, 16, 0, 16, 3669.16
1669680598, 5, 249, 507, 200, 0, 0.91%, 16, 0, 16, 3658.91
1669680603, 5, 266, 507, 198, 0, 0.91%, 16, 0, 16, 3636.24
1669680608, 5, 279, 507, 197, 0, 0.91%, 16, 0, 16, 3595.37
1669680613, 5, 309, 507, 195, 0, 0.91%, 16, 0, 16, 3621.82
1669680618, 5, 336, 507, 195, 0, 0.91%, 16, 0, 16, 3597.92
1669680623, 5, 343, 507, 193, 0, 0.91%, 16, 0, 16, 3569.32
1669680628, 5, 352, 507, 192, 0, 0.91%, 16, 0, 16, 3607.10
1669680633, 5, 358, 507, 190, 0, 0.91%, 16, 0, 16, 3606.03
1669680638, 5, 378, 507, 189, 0, 0.91%, 16, 0, 16, 3590.79
1669680643, 5, 386, 507, 188, 0, 0.91%, 16, 0, 16, 3560.65
1669680648, 5, 392, 507, 187, 0, 0.91%, 16, 0, 16, 3567.33
1669680653, 5, 428, 507, 185, 0, 0.91%, 16, 0, 16, 3628.99
1669680658, 5, 429, 507, 184, 0, 0.91%, 16, 0, 16, 3624.54
1669680663, 5, 429, 508, 185, 0, 0.92%, 16, 0, 16, 3615.24
1669680668, 5, 507, 509, 185, 1, 0.92%, 16, 0, 16, 3587.85
1669680673, 5, 507, 515, 191, 1, 0.93%, 16, 0, 16, 3585.37
1669680679, 5, 508, 516, 191, 2, 0.93%, 16, 0, 16, 3597.25
1669680689, 5, 515, 516, 190, 1, 0.93%, 16, 0, 16, 3546.07
1669680694, 5, 515, 520, 194, 1, 0.93%, 16, 0, 16, 3563.67
1669680699, 5, 515, 522, 196, 1, 0.93%, 16, 0, 16, 3591.23
1669680704, 5, 518, 523, 196, 1, 0.93%, 16, 0, 16, 3477.98
1669680714, 5, 518, 533, 206, 1, 0.93%, 16, 0, 16, 3524.30
1669680719, 5, 520, 533, 205, 1, 0.93%, 16, 0, 16, 3537.47
1669680725, 5, 520, 534, 206, 1, 0.93%, 16, 0, 16, 3445.50
1669680730, 5, 520, 536, 208, 1, 0.93%, 16, 0, 16, 3467.38
1669680735, 5, 520, 541, 213, 1, 0.93%, 16, 0, 16, 3539.24
1669680740, 5, 540, 541, 212, 1, 0.93%, 16, 0, 16, 3516.20
1669680750, 5, 540, 542, 213, 1, 0.93%, 16, 0, 16, 3505.97
1669680755, 5, 540, 544, 215, 1, 0.93%, 16, 0, 16, 3549.36
1669680760, 6, 72, 544, 211, 0, 0.93%, 16, 0, 16, 3631.85
1669680765, 6, 181, 544, 206, 0, 0.93%, 16, 0, 16, 3639.60
1669680770, 6, 193, 544, 204, 0, 0.93%, 16, 0, 16, 3616.50
1669680775, 6, 257, 544, 201, 0, 0.93%, 16, 0, 16, 3661.93
1669680780, 6, 296, 544, 200, 0, 0.93%, 16, 0, 16, 3649.50
1669680785, 6, 314, 546, 201, 0, 0.93%, 16, 0, 16, 3658.19
1669680791, 6, 319, 548, 202, 0, 0.93%, 16, 0, 16, 3643.25
1669680796, 6, 337, 548, 200, 0, 0.93%, 16, 0, 16, 3627.05
1669680801, 6, 367, 548, 200, 0, 0.93%, 16, 0, 16, 3576.88
1669680806, 6, 380, 548, 198, 0, 0.93%, 16, 0, 16, 3585.87
1669680811, 6, 380, 550, 200, 0, 0.93%, 16, 0, 16, 3592.53
1669680816, 6, 387, 550, 198, 0, 0.93%, 16, 0, 16, 3593.29
1669680821, 6, 406, 550, 197, 0, 0.93%, 16, 0, 16, 3571.39
1669680826, 6, 408, 550, 196, 0, 0.93%, 16, 0, 16, 3684.95
1669680832, 6, 432, 550, 195, 0, 0.93%, 16, 0, 16, 3636.73
1669680837, 6, 433, 550, 194, 0, 0.93%, 16, 0, 16, 3599.88
1669680842, 6, 436, 551, 194, 0, 0.93%, 16, 0, 16, 3610.68
1669680847, 6, 440, 552, 194, 0, 0.93%, 16, 0, 16, 3590.88
1669680857, 6, 444, 552, 192, 0, 0.93%, 16, 0, 16, 3614.83
1669680862, 6, 447, 552, 192, 0, 0.93%, 16, 0, 16, 3614.08
1669680867, 6, 452, 552, 191, 0, 0.93%, 16, 0, 16, 3615.27
1669680877, 6, 458, 552, 190, 0, 0.93%, 16, 0, 16, 3622.53
1669680882, 6, 459, 552, 189, 0, 0.93%, 16, 0, 16, 3573.99
1669680918, 6, 462, 552, 188, 0, 0.93%, 16, 0, 16, 3521.66
1669680928, 6, 466, 552, 187, 0, 0.93%, 16, 0, 16, 3485.48
1669680933, 6, 466, 553, 188, 0, 0.93%, 16, 0, 16, 3498.26
1669680938, 6, 471, 553, 187, 0, 0.93%, 16, 0, 16, 3507.30
1669680943, 6, 471, 554, 188, 0, 0.93%, 16, 0, 16, 3552.16
1669680949, 6, 471, 555, 189, 0, 0.93%, 16, 0, 16, 3573.47
1669680954, 6, 473, 555, 188, 0, 0.93%, 16, 0, 16, 3611.71
1669680959, 6, 479, 555, 187, 0, 0.93%, 16, 0, 16, 3502.50
1669680969, 6, 479, 560, 192, 0, 0.93%, 16, 0, 16, 3502.47
1669680974, 6, 484, 560, 191, 0, 0.93%, 16, 0, 16, 3517.53
1669680989, 6, 490, 560, 190, 0, 0.93%, 16, 0, 16, 3609.47
1669680994, 6, 490, 563, 193, 0, 0.93%, 16, 0, 16, 3589.72
1669681000, 6, 500, 563, 192, 0, 0.93%, 16, 0, 16, 3550.71
1669681010, 6, 501, 563, 191, 0, 0.93%, 16, 0, 16, 3564.95
1669681020, 6, 509, 563, 190, 0, 0.93%, 16, 0, 16, 3605.14
1669681030, 6, 512, 563, 189, 0, 0.93%, 16, 0, 16, 3589.26
1669681040, 6, 513, 563, 188, 0, 0.93%, 16, 0, 16, 3542.06
1669681045, 6, 513, 564, 189, 0, 0.93%, 16, 0, 16, 3562.90
1669681051, 6, 513, 565, 190, 0, 0.93%, 16, 0, 16, 3587.56
1669681056, 6, 525, 565, 189, 0, 0.93%, 16, 0, 16, 3495.26
1669681066, 6, 525, 566, 190, 0, 0.93%, 16, 0, 16, 3522.89
1669681071, 6, 525, 568, 192, 0, 0.94%, 16, 0, 16, 3560.91
1669681076, 6, 526, 568, 191, 2, 0.94%, 16, 0, 16, 3456.63
1669681086, 6, 526, 569, 192, 2, 0.94%, 16, 0, 16, 3540.03
1669681091, 6, 546, 570, 192, 2, 0.94%, 16, 0, 16, 3563.07
1669681102, 6, 565, 570, 191, 2, 0.94%, 16, 0, 16, 3568.91
1669681107, 6, 565, 571, 192, 2, 0.94%, 16, 0, 17, 3578.30
1669681112, 6, 566, 571, 191, 2, 0.94%, 16, 0, 17, 3543.89
1669681117, 6, 566, 572, 192, 2, 0.94%, 16, 0, 17, 3395.22
1669681132, 6, 566, 573, 193, 2, 0.94%, 16, 0, 17, 3224.06
1669681137, 6, 566, 576, 196, 2, 0.94%, 16, 0, 17, 3451.66
1669681143, 6, 570, 578, 197, 2, 0.94%, 16, 0, 17, 3509.04
1669681153, 6, 571, 578, 196, 1, 0.94%, 16, 0, 17, 3423.12
1669681178, 6, 573, 578, 195, 0, 0.94%, 16, 0, 17, 3336.74
1669681204, 6, 573, 579, 196, 0, 0.94%, 16, 0, 18, 3463.01
1669681209, 6, 574, 579, 195, 0, 0.94%, 16, 0, 18, 3342.64
1669681229, 6, 574, 580, 196, 0, 0.94%, 16, 0, 18, 3292.35
1669681234, 6, 574, 581, 197, 0, 0.94%, 16, 0, 18, 3459.53
1669681240, 7, 69, 581, 195, 0, 0.94%, 16, 0, 18, 3564.19
1669681245, 7, 162, 581, 191, 0, 0.94%, 16, 0, 18, 3638.16
1669681250, 7, 228, 581, 189, 0, 0.94%, 16, 0, 18, 3645.37
1669681255, 7, 260, 582, 188, 0, 0.94%, 16, 0, 18, 3646.81
1669681260, 7, 300, 582, 187, 0, 0.94%, 16, 0, 18, 3645.96
1669681265, 7, 316, 583, 187, 0, 0.94%, 16, 0, 18, 3632.39
1669681270, 7, 333, 583, 186, 0, 0.94%, 16, 0, 18, 3604.18
1669681275, 7, 350, 584, 186, 0, 0.94%, 16, 0, 18, 3602.06
1669681280, 7, 376, 586, 186, 0, 0.94%, 16, 0, 18, 3574.62
1669681286, 7, 393, 586, 186, 0, 0.94%, 16, 0, 18, 3524.19
1669681291, 7, 397, 586, 185, 0, 0.94%, 16, 0, 18, 3572.70
1669681296, 7, 398, 586, 184, 0, 0.94%, 16, 0, 18, 3564.88
1669681301, 7, 409, 586, 182, 0, 0.94%, 16, 0, 18, 3547.31
1669681306, 7, 463, 586, 181, 0, 0.94%, 16, 0, 18, 3561.39
1669681316, 7, 471, 586, 180, 0, 0.94%, 16, 0, 18, 3532.76
1669681321, 7, 475, 586, 180, 0, 0.94%, 16, 0, 18, 3604.04
1669681326, 7, 480, 586, 179, 0, 0.94%, 16, 0, 18, 3455.59
1669681331, 7, 480, 588, 181, 0, 0.94%, 16, 0, 18, 3477.46
1669681336, 7, 480, 589, 182, 0, 0.94%, 16, 0, 18, 3537.25
1669681342, 7, 481, 590, 182, 0, 0.94%, 16, 0, 18, 3427.26
1669681357, 7, 488, 590, 181, 0, 0.94%, 16, 0, 18, 3413.33
1669681367, 7, 488, 592, 183, 0, 0.94%, 16, 0, 18, 3473.41
1669681372, 7, 488, 593, 184, 0, 0.94%, 16, 0, 18, 3529.44
1669681377, 7, 496, 593, 183, 0, 0.94%, 16, 0, 18, 3670.98
1669681383, 7, 496, 594, 184, 0, 0.94%, 16, 0, 18, 3655.44
1669681388, 7, 498, 594, 183, 0, 0.94%, 16, 0, 18, 3526.73
1669681398, 7, 498, 596, 185, 0, 0.94%, 16, 0, 18, 3545.09
1669681403, 7, 505, 597, 185, 0, 0.94%, 16, 0, 18, 3543.65
1669681408, 7, 506, 597, 184, 0, 0.94%, 16, 0, 18, 3630.23
1669681413, 7, 506, 598, 185, 0, 0.94%, 16, 0, 18, 3633.93
1669681418, 7, 511, 598, 184, 0, 0.94%, 16, 0, 18, 3560.48
1669681428, 7, 514, 598, 183, 0, 0.94%, 16, 0, 18, 3535.08
1669681439, 7, 516, 598, 182, 0, 0.94%, 16, 0, 18, 3523.38
1669681449, 7, 528, 598, 181, 0, 0.94%, 16, 0, 18, 3511.54
1669681464, 7, 531, 598, 180, 0, 0.94%, 16, 0, 18, 3482.08
1669681479, 7, 531, 599, 181, 0, 0.94%, 16, 0, 18, 3519.51
1669681484, 7, 532, 599, 180, 0, 0.94%, 16, 0, 18, 3446.58
1669681504, 7, 533, 599, 179, 0, 0.94%, 16, 0, 18, 3450.18
1669681515, 7, 533, 600, 180, 0, 0.94%, 16, 0, 18, 3511.55
1669681520, 7, 536, 600, 179, 0, 0.94%, 16, 0, 18, 3471.12
1669681540, 7, 536, 601, 180, 0, 0.94%, 16, 0, 18, 3458.24
1669681545, 7, 537, 601, 179, 0, 0.94%, 16, 0, 18, 3516.89
1669681561, 7, 542, 601, 178, 0, 0.94%, 16, 0, 18, 3546.27
1669681571, 7, 548, 601, 177, 0, 0.94%, 16, 0, 18, 3551.22
1669681581, 7, 551, 601, 176, 0, 0.94%, 16, 0, 18, 3542.71
1669681586, 7, 553, 601, 175, 0, 0.94%, 16, 0, 18, 3544.84
1669681601, 7, 554, 601, 174, 0, 0.94%, 16, 0, 18, 3531.42
1669681612, 7, 559, 601, 173, 0, 0.94%, 16, 0, 18, 3352.50
1669681627, 7, 559, 604, 176, 0, 0.94%, 16, 0, 18, 3391.81
1669681632, 7, 559, 605, 177, 0, 0.94%, 16, 0, 18, 3459.90
1669681637, 7, 560, 605, 176, 0, 0.94%, 16, 0, 18, 3512.55
1669681642, 7, 560, 607, 178, 0, 0.94%, 16, 0, 18, 3575.38
1669681647, 7, 560, 609, 180, 0, 0.94%, 16, 0, 18, 3575.14
1669681652, 7, 562, 609, 179, 0, 0.94%, 16, 0, 18, 3550.67
1669681663, 7, 563, 609, 178, 0, 0.94%, 16, 0, 18, 3527.48
1669681678, 7, 564, 609, 177, 0, 0.94%, 16, 0, 18, 3473.06
1669681693, 7, 567, 609, 176, 0, 0.94%, 16, 0, 18, 3446.99
1669681719, 7, 569, 609, 175, 0, 0.94%, 16, 0, 18, 3489.35
1669681729, 7, 569, 610, 176, 0, 0.94%, 16, 0, 18, 3564.24
1669681734, 7, 609, 610, 175, 1, 0.94%, 16, 0, 18, 3476.73
1669681755, 7, 609, 611, 176, 1, 0.94%, 16, 0, 18, 3495.57
1669681760, 7, 610, 611, 175, 0, 0.94%, 16, 0, 18, 3463.25
1669681780, 7, 610, 612, 176, 0, 0.94%, 16, 0, 19, 3481.80
1669681785, 8, 75, 612, 174, 0, 0.94%, 16, 0, 19, 3556.17
1669681790, 8, 223, 612, 171, 0, 0.94%, 16, 0, 19, 3650.43
1669681796, 8, 255, 612, 168, 0, 0.94%, 16, 0, 19, 3659.12
1669681801, 8, 276, 612, 166, 0, 0.94%, 16, 0, 19, 3662.49
1669681806, 8, 324, 612, 164, 0, 0.94%, 16, 0, 19, 3651.90
1669681811, 8, 365, 612, 163, 0, 0.94%, 16, 0, 19, 3622.06
1669681816, 8, 381, 612, 162, 0, 0.94%, 16, 0, 19, 3602.58
1669681821, 8, 384, 612, 160, 0, 0.94%, 16, 0, 19, 3588.42
1669681826, 8, 394, 612, 159, 0, 0.94%, 16, 0, 19, 3579.29
1669681831, 8, 394, 613, 160, 0, 0.94%, 16, 0, 19, 3568.73
1669681836, 8, 402, 613, 158, 0, 0.94%, 16, 0, 19, 3538.10
1669681841, 8, 403, 613, 157, 0, 0.94%, 16, 0, 19, 3518.86
1669681851, 8, 411, 613, 156, 0, 0.94%, 16, 0, 19, 3592.20
1669681856, 8, 417, 613, 154, 0, 0.94%, 16, 0, 19, 3643.19
1669681861, 8, 444, 614, 153, 0, 0.94%, 16, 0, 19, 3649.97
1669681867, 8, 448, 615, 154, 0, 0.94%, 16, 0, 19, 3616.89
1669681872, 8, 448, 617, 156, 0, 0.94%, 16, 0, 19, 3607.19
1669681877, 8, 455, 617, 155, 0, 0.94%, 16, 0, 19, 3672.85
1669681882, 8, 460, 617, 154, 0, 0.94%, 16, 0, 19, 3686.45
1669681887, 8, 468, 618, 154, 0, 0.94%, 16, 0, 19, 3623.90
1669681913, 8, 482, 618, 153, 0, 0.94%, 16, 0, 19, 3636.40
1669681943, 8, 486, 618, 152, 0, 0.94%, 16, 0, 19, 3393.76
1669681958, 8, 487, 618, 151, 0, 0.94%, 16, 0, 19, 3463.53
1669681968, 8, 487, 620, 153, 0, 0.94%, 16, 0, 19, 3533.17
1669681973, 8, 491, 620, 152, 0, 0.94%, 16, 0, 19, 3538.27
1669681989, 8, 497, 620, 151, 0, 0.94%, 16, 0, 19, 3305.10
1669681994, 8, 519, 620, 151, 0, 0.94%, 16, 0, 19, 3427.07
1669682004, 8, 523, 620, 150, 0, 0.94%, 16, 0, 19, 3520.15
1669682019, 8, 524, 620, 149, 0, 0.94%, 16, 0, 19, 3516.12
1669682035, 8, 538, 620, 148, 0, 0.94%, 16, 0, 19, 3503.55
1669682055, 8, 538, 621, 149, 0, 0.94%, 16, 0, 19, 3471.95
1669682060, 8, 543, 622, 149, 0, 0.94%, 16, 0, 19, 3496.69
1669682080, 8, 543, 623, 150, 0, 0.94%, 16, 0, 19, 3257.03
1669682085, 8, 547, 623, 149, 0, 0.94%, 16, 0, 19, 3488.04
1669682090, 8, 547, 625, 151, 0, 0.94%, 16, 0, 19, 3599.06
1669682095, 8, 549, 625, 150, 0, 0.94%, 16, 0, 19, 3564.01
1669682106, 8, 552, 625, 149, 0, 0.94%, 16, 0, 19, 3337.24
1669682121, 8, 552, 626, 150, 0, 0.94%, 16, 0, 19, 3364.99
1669682126, 8, 557, 626, 149, 0, 0.94%, 16, 0, 19, 3247.66
1669682152, 8, 557, 628, 151, 0, 0.94%, 16, 0, 19, 3415.50
1669682157, 8, 581, 628, 150, 0, 0.94%, 16, 0, 19, 3511.55
1669682162, 8, 581, 629, 151, 0, 0.94%, 16, 0, 19, 3615.91
1669682167, 8, 581, 630, 152, 0, 0.94%, 16, 0, 19, 3612.86
1669682172, 8, 588, 630, 151, 0, 0.94%, 16, 0, 19, 3373.80
1669682187, 8, 588, 631, 152, 0, 0.94%, 16, 0, 19, 3350.68
1669682197, 8, 591, 631, 151, 0, 0.94%, 16, 0, 19, 3188.51
1669682223, 8, 593, 631, 150, 0, 0.94%, 16, 0, 19, 3360.26
1669682243, 8, 595, 631, 149, 0, 0.94%, 16, 0, 19, 3439.20
1669682258, 8, 595, 633, 151, 0, 0.94%, 16, 0, 19, 3540.97
1669682263, 8, 604, 633, 150, 0, 0.94%, 16, 0, 19, 3242.78
1669682299, 8, 604, 638, 155, 0, 0.94%, 16, 0, 19, 3347.82
1669682304, 8, 615, 638, 154, 0, 0.94%, 16, 0, 19, 3461.77
1669682309, 8, 615, 640, 156, 0, 0.94%, 16, 0, 19, 3563.99
1669682315, 8, 615, 641, 157, 0, 0.94%, 16, 0, 19, 3607.28
1669682320, 8, 628, 641, 156, 0, 0.94%, 16, 0, 19, 3600.96
1669682330, 8, 630, 641, 155, 0, 0.94%, 16, 0, 19, 3029.22
1669682365, 8, 630, 642, 156, 0, 0.94%, 16, 0, 19, 3226.87
1669682370, 8, 630, 644, 158, 0, 0.94%, 16, 0, 19, 3354.72
1669682375, 8, 631, 644, 157, 0, 0.94%, 16, 0, 19, 3375.98
1669682396, 8, 632, 644, 156, 0, 0.94%, 16, 0, 19, 3459.98
1669682426, 8, 632, 645, 157, 0, 0.94%, 16, 0, 19, 3435.75
1669682431, 8, 636, 645, 156, 0, 0.94%, 16, 0, 19, 3282.52
1669682508, 8, 636, 650, 161, 0, 0.94%, 16, 0, 19, 2988.29
1669682513, 8, 644, 650, 160, 0, 0.94%, 16, 0, 19, 3064.77
1669682615, 8, 644, 653, 163, 0, 0.94%, 16, 0, 19, 3168.30
1669682626, 8, 652, 653, 162, 1, 0.94%, 16, 0, 19, 2875.94
1669682672, 8, 652, 655, 164, 1, 0.94%, 16, 0, 20, 3229.44
1669682682, 9, 177, 655, 161, 0, 0.94%, 16, 0, 20, 3549.78
1669682687, 9, 223, 655, 158, 0, 0.94%, 16, 0, 20, 3643.11
1669682692, 9, 278, 655, 157, 0, 0.94%, 16, 0, 20, 3651.36
1669682697, 9, 347, 655, 156, 0, 0.94%, 16, 0, 20, 3635.19
1669682702, 9, 363, 655, 155, 0, 0.94%, 16, 0, 20, 3599.53
1669682707, 9, 379, 655, 154, 0, 0.94%, 16, 0, 20, 3585.97
1669682712, 9, 401, 655, 153, 0, 0.94%, 16, 0, 20, 3550.50
1669682717, 9, 424, 655, 152, 0, 0.94%, 16, 0, 20, 3592.19
1669682722, 9, 434, 656, 152, 0, 0.94%, 16, 0, 20, 3581.36
1669682728, 9, 442, 656, 151, 0, 0.94%, 16, 0, 20, 3608.58
1669682733, 9, 446, 656, 150, 0, 0.94%, 16, 0, 20, 3583.44
1669682738, 9, 457, 656, 149, 0, 0.94%, 16, 0, 20, 3616.11
1669682748, 9, 467, 656, 148, 0, 0.94%, 16, 0, 20, 3659.06
1669682768, 9, 478, 656, 147, 0, 0.94%, 16, 0, 20, 3495.71
1669682778, 9, 485, 656, 146, 0, 0.94%, 16, 0, 20, 3474.87
1669682788, 9, 493, 656, 145, 0, 0.94%, 16, 0, 20, 3578.10
1669682814, 9, 494, 657, 145, 0, 0.94%, 16, 0, 20, 3619.81
1669682819, 9, 494, 658, 146, 0, 0.94%, 16, 0, 20, 3592.36
1669682824, 9, 503, 658, 145, 0, 0.94%, 16, 0, 20, 3620.20
1669682829, 9, 503, 659, 146, 0, 0.94%, 16, 0, 20, 3627.28
1669682834, 9, 510, 659, 145, 0, 0.94%, 16, 0, 20, 3607.53
1669682840, 9, 522, 659, 144, 0, 0.94%, 16, 0, 20, 3579.69
1669682855, 9, 530, 659, 143, 0, 0.94%, 16, 0, 20, 3515.08
1669682870, 9, 539, 659, 142, 0, 0.94%, 16, 0, 20, 3477.31
1669682896, 9, 541, 659, 141, 0, 0.94%, 16, 0, 20, 3451.29
1669682911, 9, 544, 659, 140, 0, 0.94%, 16, 0, 20, 3601.15
1669682917, 9, 544, 660, 141, 0, 0.94%, 16, 0, 20, 3603.59
1669682922, 9, 556, 660, 140, 0, 0.94%, 16, 0, 20, 3373.77
1669682942, 9, 572, 660, 139, 0, 0.94%, 16, 0, 20, 3388.45
1669682967, 9, 585, 660, 138, 0, 0.94%, 16, 0, 20, 3437.90
1669682972, 9, 585, 661, 139, 0, 0.94%, 16, 0, 20, 3544.90
1669682977, 9, 592, 661, 138, 0, 0.94%, 16, 0, 20, 3260.85
1669683013, 9, 592, 662, 139, 0, 0.94%, 16, 0, 20, 3229.54
1669683023, 9, 594, 662, 138, 0, 0.94%, 16, 0, 20, 3413.23
1669683039, 9, 609, 662, 137, 0, 0.94%, 16, 0, 20, 3496.33
1669683044, 9, 613, 663, 138, 0, 0.94%, 16, 0, 20, 3639.30
1669683049, 9, 613, 664, 139, 0, 0.94%, 16, 0, 20, 3623.84
1669683054, 9, 617, 664, 138, 0, 0.94%, 16, 0, 20, 3628.82
1669683059, 9, 617, 665, 139, 0, 0.94%, 16, 0, 20, 3597.98
1669683064, 9, 626, 665, 138, 0, 0.94%, 16, 0, 20, 2877.72
1669683120, 9, 627, 665, 137, 0, 0.94%, 16, 0, 20, 3110.10
1669683125, 9, 627, 666, 138, 0, 0.94%, 16, 0, 20, 3211.18
1669683146, 9, 627, 667, 139, 0, 0.94%, 16, 0, 20, 3396.71
1669683151, 9, 628, 667, 138, 0, 0.94%, 16, 0, 20, 3467.14
1669683156, 9, 634, 667, 138, 0, 0.94%, 16, 0, 20, 2735.03
1669683222, 9, 635, 667, 137, 0, 0.94%, 16, 0, 20, 2791.42
1669683289, 9, 635, 668, 138, 0, 0.94%, 16, 0, 20, 2834.93
1669683299, 9, 647, 668, 137, 0, 0.94%, 16, 0, 20, 3052.36
1669683309, 9, 647, 669, 138, 0, 0.94%, 16, 0, 20, 2074.41
